SaleID,CustomerID,ProductID,SaleDate,Quantity,UnitPrice,Discount_pct,TotalAmount,PaymentMethod,PaymentStatus,ShipDate,DeliveryStatus,SalespersonID
SALE00001,CUST0097,PROD0016,2025-12-24,20,723.78,20,11580.48,Credit Card,Pending,2025-12-29,Returned,EMP005
SALE00002,CUST0054,PROD0048,2025-06-02,20,651.75,0,13035.0,Cheque,Paid,2025-06-07,Returned,EMP017
SALE00003,CUST0045,PROD0076,2025-09-14,14,283.09,20,3170.61,Cheque,Refunded,2025-09-18,Delivered,EMP014
SALE00004,CUST0037,PROD0077,2024-04-21,5,312.88,20,1251.52,UPI,Pending,2024-04-22,Delivered,EMP007
SALE00005,CUST0067,PROD0016,2023-01-15,1,853.89,20,683.11,UPI,Paid,2023-01-20,Shipped,EMP007
SALE00006,CUST0084,PROD0075,2023-11-13,11,496.53,0,5461.83,Bank Transfer,Paid,2023-11-17,Processing,EMP014
SALE00007,CUST0053,PROD0071,2025-03-24,19,445.12,0,8457.28,Cheque,Refunded,2025-03-26,Shipped,EMP006
SALE00008,CUST0074,PROD0045,2024-06-03,12,675.32,5,7698.65,Cheque,Pending,2024-06-06,Returned,EMP005
SALE00009,CUST0028,PROD0066,2023-11-28,4,899.9,5,3419.62,Cash,Paid,2023-11-29,Processing,EMP020
SALE00010,CUST0019,PROD0061,2023-01-11,2,201.28,15,342.18,UPI,Pending,2023-01-12,Delivered,EMP003
SALE00011,CUST0052,PROD0079,2023-03-19,9,273.91,0,2465.19,Net Banking,Refunded,2023-03-23,Delivered,EMP020
SALE00012,CUST0057,PROD0002,2023-12-25,2,1135.4,20,1816.64,Debit Card,Refunded,2023-12-29,Delivered,EMP007
SALE00013,CUST0079,PROD0022,2025-11-22,2,942.91,10,1697.24,Net Banking,Paid,2025-11-24,Delivered,EMP008
SALE00014,CUST0046,PROD0086,2024-07-19,1,1171.02,0,1171.02,Cash,Pending,2024-07-23,Processing,EMP007
SALE00015,CUST0071,PROD0037,2023-05-21,17,28.29,15,408.79,Net Banking,Refunded,2023-05-22,Processing,EMP012
SALE00016,CUST0025,PROD0059,2024-04-08,12,1156.31,0,13875.72,Cash,Refunded,2024-04-13,Delivered,EMP009
SALE00017,CUST0038,PROD0044,2023-05-29,6,494.49,0,2966.94,Credit Card,Refunded,2023-06-03,Delivered,EMP018
SALE00018,CUST0062,PROD0099,2025-02-11,19,307.67,5,5553.44,Debit Card,Paid,2025-02-16,Shipped,EMP015
SALE00019,CUST0009,PROD0049,2023-08-27,19,1035.81,5,18696.37,Net Banking,Paid,2023-08-30,Returned,EMP008
SALE00020,CUST0002,PROD0090,2025-11-23,11,500.79,0,5508.69,Cheque,Paid,2025-11-28,Delivered,EMP010
SALE00021,CUST0071,PROD0023,2024-12-01,3,484.73,15,1236.06,Cash,Paid,2024-12-02,Delivered,EMP007
SALE00022,CUST0095,PROD0026,2024-01-25,19,330.2,15,5332.73,Debit Card,Paid,2024-01-29,Delivered,EMP007
SALE00023,CUST0100,PROD0014,2024-12-30,8,251.29,0,2010.32,Credit Card,Paid,2025-01-01,Returned,EMP016
SALE00024,CUST0048,PROD0080,2023-03-28,20,17.88,20,286.08,Bank Transfer,Pending,2023-04-01,Processing,EMP009
SALE00025,CUST0051,PROD0029,2025-11-12,16,227.62,20,2913.54,Cheque,Refunded,2025-11-15,Delivered,EMP002
SALE00026,CUST0045,PROD0051,2023-03-08,17,961.13,5,15522.25,Cheque,Paid,2023-03-13,Shipped,EMP004
SALE00027,CUST0087,PROD0027,2023-01-18,17,557.48,15,8055.59,Cash,Refunded,2023-01-19,Delivered,EMP011
SALE00028,CUST0034,PROD0031,2024-01-19,12,739.21,0,8870.52,Bank Transfer,Pending,2024-01-24,Processing,EMP011
SALE00029,CUST0090,PROD0097,2024-03-07,12,228.86,5,2609.0,Bank Transfer,Paid,2024-03-11,Shipped,EMP009
SALE00030,CUST0093,PROD0035,2024-04-13,15,224.07,0,3361.05,Cheque,Paid,2024-04-14,Processing,EMP014
SALE00031,CUST0002,PROD0023,2023-11-03,13,243.32,20,2530.53,Cash,Pending,2023-11-07,Delivered,EMP017
SALE00032,CUST0033,PROD0072,2025-09-23,18,867.47,20,12491.57,Cheque,Refunded,2025-09-26,Delivered,EMP013
SALE00033,CUST0061,PROD0081,2024-03-17,4,831.75,0,3327.0,Credit Card,Pending,2024-03-20,Returned,EMP011
SALE00034,CUST0003,PROD0053,2024-06-11,9,439.54,10,3560.27,Credit Card,Paid,2024-06-14,Returned,EMP020
SALE00035,CUST0046,PROD0042,2023-12-24,7,696.46,15,4143.94,Net Banking,Refunded,2023-12-27,Shipped,EMP015
SALE00036,CUST0022,PROD0082,2025-08-07,3,463.47,0,1390.41,Cheque,Paid,2025-08-09,Shipped,EMP020
SALE00037,CUST0044,PROD0030,2023-06-12,19,491.68,0,9341.92,Bank Transfer,Paid,2023-06-14,Returned,EMP010
SALE00038,CUST0100,PROD0047,2024-07-09,9,730.41,5,6245.01,Net Banking,Refunded,2024-07-13,Processing,EMP015
SALE00039,CUST0094,PROD0031,2023-02-17,14,209.11,20,2342.03,Net Banking,Paid,2023-02-19,Returned,EMP003
SALE00040,CUST0061,PROD0071,2023-07-15,7,208.62,0,1460.34,Credit Card,Paid,2023-07-16,Shipped,EMP017
SALE00041,CUST0084,PROD0050,2023-11-15,3,133.67,10,360.91,Bank Transfer,Paid,2023-11-16,Delivered,EMP010
SALE00042,CUST0004,PROD0005,2025-12-14,15,755.51,0,11332.65,Net Banking,Paid,2025-12-16,Delivered,EMP016
SALE00043,CUST0057,PROD0018,2024-07-11,15,1170.23,10,15798.11,Net Banking,Refunded,2024-07-16,Delivered,EMP019
SALE00044,CUST0082,PROD0082,2025-06-09,20,553.29,15,9405.93,UPI,Paid,2025-06-14,Delivered,EMP016
SALE00045,CUST0047,PROD0053,2025-06-23,18,280.28,0,5045.04,Bank Transfer,Paid,2025-06-26,Delivered,EMP001
SALE00046,CUST0037,PROD0061,2023-10-07,1,632.75,20,506.2,UPI,Paid,2023-10-10,Returned,EMP016
SALE00047,CUST0077,PROD0030,2025-05-31,16,366.54,20,4691.71,Cheque,Paid,2025-06-03,Processing,EMP012
SALE00048,CUST0032,PROD0021,2025-06-14,7,499.97,10,3149.81,Net Banking,Pending,2025-06-18,Shipped,EMP008
SALE00049,CUST0098,PROD0079,2024-05-05,9,104.26,15,797.59,Cheque,Paid,2024-05-10,Delivered,EMP018
SALE00050,CUST0018,PROD0038,2023-05-21,9,501.36,20,3609.79,Credit Card,Pending,2023-05-23,Processing,EMP015
SALE00051,CUST0003,PROD0020,2024-01-20,9,843.56,5,7212.44,Credit Card,Refunded,2024-01-23,Delivered,EMP006
SALE00052,CUST0030,PROD0012,2025-06-16,4,345.72,0,1382.88,Debit Card,Paid,2025-06-17,Shipped,EMP007
SALE00053,CUST0060,PROD0090,2025-10-17,11,510.09,20,4488.79,Cheque,Paid,2025-10-20,Delivered,EMP003
SALE00054,CUST0070,PROD0061,2025-03-14,5,76.69,20,306.76,Debit Card,Paid,2025-03-15,Delivered,EMP013
SALE00055,CUST0099,PROD0057,2024-05-24,1,155.13,20,124.1,Debit Card,Paid,2024-05-28,Delivered,EMP015
SALE00056,CUST0088,PROD0040,2025-08-26,4,630.16,0,2520.64,Bank Transfer,Paid,2025-08-30,Returned,EMP002
SALE00057,CUST0026,PROD0047,2025-09-12,18,629.9,0,11338.2,Credit Card,Paid,2025-09-15,Delivered,EMP008
SALE00058,CUST0016,PROD0051,2024-07-19,14,396.17,0,5546.38,Cheque,Paid,2024-07-24,Delivered,EMP002
SALE00059,CUST0099,PROD0012,2023-11-14,19,942.34,5,17009.24,Debit Card,Paid,2023-11-17,Shipped,EMP003
SALE00060,CUST0046,PROD0083,2023-05-03,20,412.72,20,6603.52,Debit Card,Refunded,2023-05-04,Delivered,EMP005
SALE00061,CUST0094,PROD0025,2024-12-12,16,286.88,10,4131.07,Credit Card,Pending,2024-12-16,Delivered,EMP005
SALE00062,CUST0038,PROD0070,2025-06-15,9,1079.41,5,9228.96,Net Banking,Pending,2025-06-20,Delivered,EMP019
SALE00063,CUST0077,PROD0071,2025-08-17,6,656.91,0,3941.46,Debit Card,Paid,2025-08-20,Processing,EMP005
SALE00064,CUST0001,PROD0100,2025-01-21,15,361.85,0,5427.75,Net Banking,Refunded,2025-01-25,Shipped,EMP006
SALE00065,CUST0093,PROD0009,2024-05-04,1,747.48,0,747.48,Net Banking,Refunded,2024-05-07,Shipped,EMP007
SALE00066,CUST0037,PROD0042,2023-11-12,17,823.04,20,11193.34,Cash,Paid,2023-11-17,Delivered,EMP004
SALE00067,CUST0005,PROD0026,2023-09-23,17,794.08,0,13499.36,Credit Card,Pending,2023-09-25,Delivered,EMP004
SALE00068,CUST0068,PROD0080,2025-03-06,2,689.5,20,1103.2,Net Banking,Refunded,2025-03-10,Delivered,EMP002
SALE00069,CUST0027,PROD0084,2023-05-26,12,272.66,15,2781.13,Cash,Paid,2023-05-27,Shipped,EMP002
SALE00070,CUST0079,PROD0035,2025-01-25,12,674.04,5,7684.06,UPI,Paid,2025-01-26,Returned,EMP003
SALE00071,CUST0013,PROD0093,2025-11-29,10,102.74,0,1027.4,Debit Card,Refunded,2025-11-30,Shipped,EMP007
SALE00072,CUST0096,PROD0072,2024-01-02,7,636.17,0,4453.19,Cash,Paid,2024-01-07,Returned,EMP019
SALE00073,CUST0022,PROD0024,2025-05-24,12,812.65,15,8289.03,UPI,Pending,2025-05-25,Processing,EMP011
SALE00074,CUST0041,PROD0071,2025-06-26,6,645.34,10,3484.84,Bank Transfer,Paid,2025-06-29,Shipped,EMP014
SALE00075,CUST0099,PROD0071,2024-03-14,11,734.01,10,7266.7,Net Banking,Paid,2024-03-18,Delivered,EMP015
SALE00076,CUST0077,PROD0003,2023-03-12,15,1152.19,0,17282.85,UPI,Paid,2023-03-15,Delivered,EMP001
SALE00077,CUST0099,PROD0089,2024-10-06,10,1181.43,0,11814.3,Cheque,Paid,2024-10-07,Processing,EMP017
SALE00078,CUST0005,PROD0059,2023-11-13,18,689.1,10,11163.42,Bank Transfer,Paid,2023-11-14,Delivered,EMP009
SALE00079,CUST0039,PROD0012,2024-04-22,12,1068.65,0,12823.8,UPI,Pending,2024-04-25,Processing,EMP007
SALE00080,CUST0063,PROD0089,2025-09-15,3,871.06,20,2090.54,Net Banking,Refunded,2025-09-17,Delivered,EMP020
SALE00081,CUST0100,PROD0008,2025-02-20,10,54.47,20,435.76,Cheque,Paid,2025-02-21,Delivered,EMP014
SALE00082,CUST0002,PROD0082,2024-04-09,14,1116.99,0,15637.86,Cheque,Pending,2024-04-14,Delivered,EMP010
SALE00083,CUST0065,PROD0090,2023-11-03,17,59.01,10,902.85,Debit Card,Paid,2023-11-06,Delivered,EMP013
SALE00084,CUST0029,PROD0056,2025-10-30,15,905.88,10,12229.38,Bank Transfer,Pending,2025-10-31,Delivered,EMP005
SALE00085,CUST0052,PROD0034,2023-04-11,11,108.23,10,1071.48,Credit Card,Pending,2023-04-16,Processing,EMP014
SALE00086,CUST0051,PROD0084,2024-02-10,5,916.82,5,4354.9,UPI,Paid,2024-02-14,Processing,EMP020
SALE00087,CUST0042,PROD0088,2024-06-29,17,303.03,0,5151.51,UPI,Paid,2024-07-03,Delivered,EMP014
SALE00088,CUST0077,PROD0084,2024-10-18,14,444.67,0,6225.38,Credit Card,Paid,2024-10-21,Delivered,EMP012
SALE00089,CUST0019,PROD0057,2025-06-24,20,987.69,20,15803.04,Credit Card,Paid,2025-06-29,Delivered,EMP012
SALE00090,CUST0095,PROD0007,2023-06-25,5,911.7,20,3646.8,Debit Card,Refunded,2023-06-26,Delivered,EMP010
SALE00091,CUST0058,PROD0061,2023-08-16,1,418.49,20,334.79,Credit Card,Paid,2023-08-19,Delivered,EMP018
SALE00092,CUST0062,PROD0080,2024-06-13,7,252.52,10,1590.88,Net Banking,Paid,2024-06-18,Returned,EMP001
SALE00093,CUST0033,PROD0022,2025-12-14,13,703.78,15,7776.77,Credit Card,Paid,2025-12-15,Delivered,EMP020
SALE00094,CUST0050,PROD0085,2023-01-18,9,73.17,15,559.75,Bank Transfer,Paid,2023-01-19,Delivered,EMP001
SALE00095,CUST0049,PROD0066,2025-03-02,10,1042.22,15,8858.87,Net Banking,Paid,2025-03-04,Delivered,EMP016
SALE00096,CUST0059,PROD0072,2024-02-12,20,642.56,0,12851.2,Net Banking,Paid,2024-02-17,Delivered,EMP008
SALE00097,CUST0003,PROD0045,2025-03-16,17,372.86,5,6021.69,Net Banking,Paid,2025-03-18,Delivered,EMP010
SALE00098,CUST0081,PROD0033,2024-07-18,8,1195.23,10,8605.66,Cash,Paid,2024-07-19,Processing,EMP009
SALE00099,CUST0094,PROD0049,2023-10-09,8,190.53,5,1448.03,UPI,Refunded,2023-10-10,Returned,EMP008
SALE00100,CUST0078,PROD0043,2025-05-23,14,296.03,0,4144.42,Cash,Refunded,2025-05-26,Delivered,EMP007
